{"lr": 0.1, "warmup_iters": 0.2, "lr_decay_iters": 0.05, "min_lr": 0.01, "loss": 0.060894984751939774, "time": 34.73582673072815}