{"lr": 0.8, "warmup_iters": 0.2, "lr_decay_iters": 0.4, "min_lr": 6e-05, "loss": 1.62307514983695e-05, "time": 8.729061126708984}