{"lr": 0.99, "warmup_iters": 0.3, "lr_decay_iters": 0.4, "min_lr": 6e-05, "max_iters": 8000, "loss": 0.0005360989016480744, "time": 110.76768398284912}