{"lr": 0.99, "warmup_iters": 0.3, "lr_decay_iters": 0.4, "min_lr": 6e-05, "loss": 0.0006555122672580183, "time": 13.715023756027222}