{"lr": 0.1, "warmup_iters": 0.4, "lr_decay_iters": 0.05, "min_lr": 0.01, "loss": 0.10804693400859833, "time": 9.065349817276001}