{"lr": 0.9, "warmup_iters": 0.3, "lr_decay_iters": 0.4, "min_lr": 6e-05, "loss": 0.0006021973676979542, "time": 15.481621026992798}