{"lr": 0.01, "warmup_iters": 0.4, "lr_decay_iters": 0.05, "min_lr": 0.01, "loss": 40.8736572265625, "time": 14.048139095306396}