{"lr": 0.99, "warmup_iters": 0.3, "lr_decay_iters": 0.4, "min_lr": 6e-05, "loss": 5.5870605137897655e-05, "time": 15.914876937866211}