{"lr": 0.9, "warmup_iters": 0.2, "lr_decay_iters": 0.4, "min_lr": 6e-05, "loss": 5.6211061746580526e-05, "time": 16.592267990112305}