{"lr": 0.2, "warmup_iters": 0.3, "lr_decay_iters": 0.4, "min_lr": 6e-05, "max_iters": 789, "loss": 0.00476392637938261, "time": 11.726397037506104}