{"lr": 0.2, "warmup_iters": 0.2, "lr_decay_iters": 0.4, "min_lr": 6e-05, "beta2": 0.999, "max_iters": 1589, "loss": 0.0005957424291409552, "time": 44.614588022232056}