{"lr": 0.01, "warmup_iters": 0.1, "lr_decay_iters": 0.2, "min_lr": 6e-05, "beta2": 0.85, "max_iters": 2000, "loss": 2.8246030807495117, "time": 2.8244831562042236}