{"lr": 0.2, "warmup_iters": 0.1, "lr_decay_iters": 0.2, "min_lr": 6e-05, "beta2": 0.85, "max_iters": 796, "loss": 0.0009911352535709739, "time": 16.34014105796814}