{"lr": 0.01, "warmup_iters": 0.1, "lr_decay_iters": 0.2, "min_lr": 6e-05, "beta2": 0.85, "max_iters": 2000, "loss": 0.8736586570739746, "time": 7.041187047958374}