{"lr": 0.1, "warmup_iters": 0.1, "lr_decay_iters": 0.4, "min_lr": 6e-05, "max_iters": 620, "loss": 0.005870734341442585, "time": 4.967267990112305}