{"lr": 0.9, "warmup_iters": 0.1, "lr_decay_iters": 0.2, "min_lr": 6e-05, "beta2": 0.999, "max_iters": 788, "loss": 0.0030020936392247677, "time": 3.5613489151000977}