{"lr": 0.9, "warmup_iters": 0.1, "lr_decay_iters": 0.3, "min_lr": 6e-05, "beta2": 0.999, "max_iters": 1166, "loss": 0.0034191713202744722, "time": 9.445439100265503}