{"lr": 0.2, "warmup_iters": 0.1, "lr_decay_iters": 0.2, "min_lr": 6e-05, "max_iters": 389, "loss": 0.001077441731467843, "time": 3.5317602157592773}