{"lr": 0.9, "warmup_iters": 0.2, "lr_decay_iters": 0.3, "min_lr": 6e-05, "beta2": 0.999, "max_iters": 1198, "loss": 0.0010074095334857702, "time": 43.569011926651}