{"lr": 0.01, "warmup_iters": 0.1, "lr_decay_iters": 0.2, "min_lr": 0.01, "max_iters": 2000, "loss": 0.6150226593017578, "time": 17.642175912857056}