{"lr": 0.9, "warmup_iters": 0.2, "lr_decay_iters": 0.3, "min_lr": 6e-05, "beta2": 0.999, "max_iters": 1196, "loss": 0.002437398536130786, "time": 9.314777851104736}