{"lr": 0.1, "warmup_iters": 0.1, "lr_decay_iters": 0.3, "min_lr": 6e-05, "max_iters": 2000, "loss": 0.0002937339886557311, "time": 50.9018189907074}